temperature,rainfall,population_density,vaccination_rate,humidity,mosquito_density,urbanization_rate,hospital_beds_per_1000,past_outbreak_frequency,public_awareness,sanitation_index,international_travel,stagnant_water_sites,healthcare_spending,disease_outbreak_probability
27.49080237694725,60,2486.8675735341694,0.3545943884952857,80.27423378055752,118,60.418448618354795,7,2,0.7371324139566391,96.46716724942199,0,8,714.7626176711117,None
39.01428612819832,47,2988.245816095277,0.4102979064049765,81.51382256861127,104,14.534579744056304,7,0,0.03671294348306664,58.37861292763117,2,2,694.6546537982364,None
34.6398788362281,52,1677.8770151766346,0.500774085833298,72.6832412536044,95,48.65496911697619,6,2,0.47476900604365124,11.277697102455132,1,5,955.5457344218855,None
31.973169683940732,49,3856.8518966916513,0.3393515815022128,81.28927462364689,107,67.35683568422989,8,1,0.33632339427033353,33.18687988871763,2,9,756.7105722825172,None
23.12037280884873,45,541.9252831375213,0.13363584218495086,87.67371517421857,98,67.59018718011319,1,2,0.9205358851025547,50.494930684197364,1,3,146.8412548805183,None
23.119890406724053,29,384.93753086168573,0.39134400242037476,69.08832913899667,99,41.71542256590261,2,4,0.012003027272682543,72.36180199222909,0,2,895.8206565360588,None
21.161672243363988,57,3643.6618934559806,0.22824032631715954,27.088377117574325,86,90.0438188659326,9,4,0.5528148757183491,75.98443403231197,2,6,876.4076466511532,None
37.3235229154987,41,2482.5016678689303,0.29030752204612376,59.01022477337687,97,24.225347740126384,7,1,0.740663581066626,99.58793616329105,0,4,498.9882886954288,None
32.022300234864176,56,3445.127958174403,0.14254593334080096,26.211946773728407,108,52.53055292832265,5,3,0.48501798752404124,35.876007944538316,3,2,627.2767454751294,None
34.161451555920905,53,2179.7884196326936,0.1465050440436004,52.60344248259447,97,68.72513800681995,9,3,0.08540303016272166,58.439809168162775,2,3,978.470499225267,None
20.411689885916047,34,1239.546145863143,0.37651046538023336,52.56851913005021,102,69.25654350080379,8,2,0.9724613900279022,57.99911930736445,4,1,579.0739274633497,None
39.39819704323989,51,4097.320565194257,0.33888090666962906,25.280787531219325,109,65.13431132534933,9,2,0.5180104313760979,46.50807335025137,1,9,914.7896455384808,None
36.648852816008436,50,3999.0852360552067,0.3348569220323233,47.905642717558344,102,33.39949814340811,3,3,0.6141862443190114,25.224570445817818,0,5,174.7348820291678,None
24.246782213565524,57,3476.5353895635894,0.4399464109094162,28.879847903305187,105,23.277558338362866,7,2,0.23660978270750732,97.97109068654584,0,3,271.9466818378146,None
23.636499344142013,49,1368.0042347775138,0.497787642697174,84.65881680073777,85,64.05492778027042,9,3,0.4834980851068038,86.79854679999275,4,4,496.679449097186,None
23.668090197068675,58,2955.251027676745,0.20598588339659363,95.81504207715766,91,60.940679871852204,2,2,0.42914949195832186,54.84997254648135,0,3,626.2811275035742,None
26.084844859190753,48,1811.2597457307338,0.40813906184891696,25.78531802063509,72,25.245260874585483,2,1,0.07489584200198374,64.29208804156269,5,4,834.6050666765202,None
30.495128632644757,42,466.99454589990444,0.47038898695571607,96.40921658333612,113,69.93682737349789,7,0,0.10616035354746722,30.453494820369606,0,6,989.4359036288681,None
28.638900372842315,51,4587.394741556592,0.25819314871414745,61.80612794693961,123,48.68961929736079,4,3,0.8374725196187746,58.940836335257224,3,4,449.9663468267048,None
25.824582803960837,53,692.7249682856174,0.4151180170619966,43.96525423630991,98,66.759650286268,2,4,0.23981995220659025,72.54731198093282,2,2,142.67407252607643,None
32.23705789444759,51,4751.684395565804,0.11089240746779236,26.14896602209308,100,81.1762017804628,9,4,0.19495827149863054,56.36503255479299,1,6,821.0543529657923,None
22.789877213040835,48,2235.568807060199,0.21249843868649865,60.04994144563342,93,24.42691642903847,0,3,0.5049114512501393,99.12566535264472,1,3,643.9426471745273,None
25.842892970704362,47,933.813314904712,0.4317672500483007,83.56124355925989,115,11.627313779731118,2,3,0.7687471313625129,65.02074906229535,1,6,278.6885729813815,None
27.327236865873836,33,2714.085727418007,0.5679516155155995,76.56691818133585,109,76.22371984364187,8,6,0.06194651857898792,43.387634133295215,2,2,545.3456109592781,None
29.12139968434072,59,4365.999721023278,0.3452815585748965,24.0180809171179,100,61.824281137972356,4,4,0.5768079196382558,79.49368248542542,3,8,768.0792209803519,None
35.70351922786027,49,3663.8021831837104,0.3126495285539732,25.832146829432283,103,69.46936341788034,9,4,0.11921044284057336,25.341626042347784,2,3,793.3706083617794,None
23.993475643167194,50,4034.7401278286343,0.17530996188866108,52.229862610610965,95,81.24317287403461,1,5,0.03646105082561846,44.60642323356399,3,6,549.6565707988858,None
30.284688768272233,42,3297.32899988648,0.7777261837075549,43.623239523835466,91,78.23892946008255,6,1,0.05274395216221739,41.226305533982725,3,4,374.6930771159732,None
31.848291377240848,48,3464.4600569440836,0.31965237212640535,38.59074584448383,100,91.6782124889501,1,4,0.8341641082084413,48.86263855969995,1,5,976.3683238346441,None
20.929008254399953,53,4247.486301310943,0.06039203154803854,42.48035991269709,110,55.554481702430046,3,2,0.11797248362806156,80.36018433358537,2,6,697.0263498608435,None
32.150897038028766,47,1255.8433642073378,0.21767561927151582,84.27861946375077,95,51.522128776091954,6,4,0.04515136441229195,53.575572894706674,2,1,467.41376741166886,None
23.41048247374583,50,2452.2305685792708,0.4233910425225104,94.33824429054832,108,44.160411990712056,3,5,0.4378998871429123,81.46130052393664,2,5,352.4169017841872,None
21.30103185970559,53,1113.8351146798152,0.08575359616064851,52.408215562205314,88,23.063738641757386,6,2,0.8439934719420248,61.88400128258793,4,7,757.9926847032059,None
38.977710745066666,37,4938.463359903269,0.24114210026316804,92.48888017059977,101,58.67161479497191,6,4,0.26240837648930193,40.786249119179985,1,6,317.96510103439095,None
39.31264066149119,64,4720.8561050362005,0.10682136950093098,45.71965609983056,98,33.5460645677082,0,1,0.4217126175259164,82.89808693151252,0,6,254.53899007631935,None
36.167946962329225,48,206.73978872884445,0.39399743206671656,58.11495890750333,87,88.31113853810291,5,2,0.03992253256375122,31.446070349778243,1,7,576.8505000658633,None
26.092275383467413,49,3530.8201108532853,0.25572263337086576,38.08231982527998,101,59.57121836355329,8,4,0.4490785141348759,30.194468181981595,2,4,360.9886533797277,None
21.95344228012768,64,4626.989103904172,0.3840811292272226,71.23808337406751,94,60.391415343189365,1,1,0.5776130806371337,55.40526316493522,0,3,666.0146304312535,None
33.684660530243136,43,911.0709721853943,0.36614580595245383,98.31848921398472,91,40.168596174545854,2,1,0.5709070537521448,33.476432136588,1,8,206.14480738681013,None
28.803049874792027,39,2844.0467004576212,0.5816434885743039,68.2794476834703,91,14.419094918105136,9,0,0.33242669217436516,10.81783314560947,0,4,689.4469941105895,None
22.440764696895577,39,4578.286604964329,0.5621775612709531,48.62512672908391,107,12.698220056704033,4,3,0.3155331806631355,68.34677745689214,2,5,354.966875197932,None
29.903538202225405,37,179.39043314313622,0.08844444030069641,71.82539567924226,98,45.983487253021785,8,3,0.10662361893659789,55.99844393251582,2,5,100.21864099106146,None
20.687770422304368,58,3490.127133561731,0.3446235300029249,29.833654277231005,95,17.18805713826522,3,4,0.3667983206462684,50.09660330438451,3,3,214.24245190675873,None
38.186408041575646,57,1493.7715467890284,0.6095654722173228,91.09272642123189,110,61.581991220911824,0,2,0.09949466887296465,97.02716631564839,0,9,940.2538400515847,None
25.17559963200034,40,4622.737014928886,0.3141309765261968,60.24671606238691,96,84.88270547937088,3,3,0.7665959447120516,61.40792655666223,5,8,880.619175203822,None
33.25044568707964,53,4855.580643375185,0.6479463612947148,55.94797936317136,108,85.04775940409138,5,6,0.9662742977481859,87.7088420010446,5,6,310.24812883261313,None
26.23422152178822,55,4721.889780676035,0.22650191954925245,66.86918307628153,103,66.01885986123975,4,2,0.9700744566667069,22.550521258464414,1,3,800.5347140909421,None
30.401360423556216,45,2376.3289411207443,0.4532267059451018,69.9827090231522,83,27.954705675199136,0,2,0.8650710993753938,61.22858168164849,4,5,647.7144338565769,None
30.934205586865595,55,4311.592828436674,0.5996218506997747,25.742064498121042,106,83.35473066550412,3,2,0.6007921493396191,88.11816640578127,2,5,973.8142403048826,None
23.69708911051054,47,4224.301498690002,0.13623186235398355,74.60937769787219,109,85.3179420016227,5,4,0.7008656972438799,62.47951815519082,3,5,436.2450935806532,None
39.39169255529117,47,1602.3113614838455,0.2361379497655822,39.35453442524236,123,26.71555472100149,9,1,0.28520580268041407,74.62127603143014,2,3,713.3145512654542,None
35.502656467222295,59,4146.28821601188,0.6046614565204121,77.11621060052718,93,72.68121729050756,9,4,0.6307704201726206,43.483921103098666,3,7,157.1821501815267,None
38.78997883128378,55,194.66809723030818,0.2920487185984639,85.80278355073574,94,34.35416165880545,3,3,0.45564954943987745,18.320456533335992,2,3,456.62261213476535,None
37.89654700855297,50,2985.386693625445,0.4004222737895427,84.31668060420162,108,78.22442654999902,8,3,0.4820173397769325,51.21102656143643,2,0,967.4358950693625,None
31.957999576221702,46,1157.7440980656381,0.45077109441955576,64.20007739263113,100,94.76522149180623,4,5,0.757776560375158,45.503145175497174,2,6,585.0827870051085,None
38.437484700462335,48,611.6287600286213,0.18480186641013244,61.613591384860094,96,12.55221045299839,7,3,0.28191835559725165,88.03541641410526,2,6,359.0915530013601,None
21.76985004103839,61,393.99647612975366,0.41019293380539773,31.430076907152937,111,86.27609859222922,8,1,0.3180396116945199,31.9595772117225,0,4,208.24386681574617,None
23.919657248382904,66,3484.4809916319173,0.34973434990572005,82.02769203225085,106,62.923595355885936,9,1,0.9246417911286366,97.00608047815973,4,5,733.1755061633773,None
20.90454577821076,53,1705.97606920265,0.17561919698936396,41.71275043573715,117,92.7375226290098,4,3,0.056224294850972245,96.23243078240465,4,9,680.3704390867541,None
26.506606615265287,45,3626.5861899285196,0.2052622268743936,59.73563382543573,107,49.525808989746345,5,5,0.4856342984133404,32.28684787642948,1,5,436.54484224339717,None
27.77354579378964,54,336.12814058672245,0.6085560017364287,42.74192743420134,93,82.02797409856677,0,4,0.9128008004078617,41.324675992958845,3,4,955.8472166792509,None
25.426980635477918,39,1583.2987857747455,0.14165877053537307,30.706269039975453,90,15.303495830853564,6,2,0.610363007818157,90.60001667864965,0,3,119.98253168906528,None
36.57475018303859,35,2702.0615489529328,0.43593946275941003,70.36461575133893,112,38.498719256655136,3,7,0.5464070742121321,96.99599988064968,2,6,373.3514664686432,None
27.135066533871786,49,3955.708592546428,0.3082365330185971,24.346562785832305,107,15.696405708852847,1,0,0.2497441792293552,49.909519255243964,0,2,928.9625376696233,None
25.618690193747614,47,1600.574989631029,0.45500639880107346,79.891618730096,122,92.904166345721,4,4,0.34327548906444827,38.8897341076808,3,6,388.84189448749635,None
30.853921663164968,41,3133.1979684206754,0.42754908476185066,45.406943620889336,96,79.44278211810612,2,2,0.8520484158046929,57.34846119263878,2,6,327.02755046965336,None
22.818484499495252,52,4431.0289636985735,0.2781861683282088,20.010775440358827,109,82.4665308059075,5,3,0.5592181317684581,71.89922857291613,1,6,580.7983689381226,None
36.043939615080795,38,3083.1573090296997,0.18524055235766115,60.89033113897838,97,89.727044671881,7,1,0.5147421937567799,34.61270638374818,0,5,841.4215749284841,None
21.491012873595416,54,1172.4677790206324,0.5553171992560851,23.74815268220825,111,17.233796320181753,6,3,0.09957971354002892,76.28258571571655,0,3,192.83208479052496,None
39.73773873201034,47,131.75989996712474,0.5031820579410835,42.09356462567196,98,42.775795363633335,2,1,0.01602815645512312,14.649162140317692,4,4,948.7186386811625,None
35.44489538593315,47,4351.79338076564,0.32184672035858475,76.5581189964573,106,16.03796556874018,7,3,0.9636851886870491,14.436504348797481,2,4,815.5655930630477,None
23.974313630683447,56,116.13436014343182,0.2940375021670958,25.015169729749267,101,27.91741363175243,1,6,0.37698616728684164,44.76589346309907,2,5,263.12522999639674,None
20.110442342472048,48,4374.761346694155,0.12544938510343312,87.1470793884802,78,29.49609104820215,9,3,0.6032130620995043,41.81258728546486,3,4,740.8071650783464,None
36.30922856909668,40,2649.396298795788,0.44440125056011115,20.30559381268665,107,49.87411293904419,8,2,0.07971507318728499,38.40698938304371,5,4,446.4628503738014,None
34.13714687695234,35,4695.947815579352,0.5757688148776429,39.74590953615218,89,32.82778423355962,3,1,0.6831142857230466,54.1917786402019,3,5,462.0652102686868,None
34.58014336081975,40,3995.9283465105905,0.12381086556612016,79.27232449216572,101,18.583139079509692,0,4,0.9325667087059609,38.86602240804141,0,5,804.9610831949798,None
35.42540693371892,55,4989.691211561354,0.14174247492062755,45.30161197834454,87,24.236742572999155,7,4,0.5756652529974197,27.303212662128274,0,5,966.506327182659,None
21.480893034681806,69,1760.0519591040336,0.18727519902269188,28.15139104528108,88,22.518422901927728,6,3,0.12611532237541057,37.85225941797408,2,7,213.99028556247453,None
27.169314570885454,45,3838.269561766323,0.19126728643193613,48.81871350403423,94,92.71152782254535,4,1,0.5817215274734767,97.74138455292115,2,3,478.5672131909375,None
22.317381190502594,37,2015.6352589101184,0.2750086185191396,41.63146291076204,105,74.53986308807026,9,4,0.7663472131046524,47.000207529536375,2,2,532.8474472758732,None
37.26206851751187,53,2404.579345316505,0.2594732652222252,87.41695217284439,92,92.25972454791277,4,2,0.40641653657401866,50.02414991725022,3,4,438.6806352594978,None
32.46596253655116,49,3141.252261459667,0.11601733753096195,45.06783340681145,102,47.377941353172226,6,4,0.8798377479414679,61.8890490956026,0,4,426.8702113446025,None
26.617960497052984,52,4369.64879978983,0.5878548997680135,83.11459774208058,116,33.66132094132581,4,1,0.6486829533573645,98.50066915728038,0,6,147.04180080543688,None
21.27116700572047,33,4920.576511304483,0.14184427607987107,91.34977158485879,105,77.85492176278086,7,5,0.8992489182892025,31.74411487921867,3,3,716.9847585063609,None
26.219646434313244,49,3843.6843351839457,0.26709409153878366,54.70539356612236,101,37.73158303349747,5,3,0.6235053112473372,71.31538994791904,2,5,492.59297540804084,None
26.503666440534943,45,2094.6562430149957,0.16934940183695033,92.79545150835136,94,35.44758676495461,4,1,0.13128797200482423,74.43862241875517,3,5,275.3144223795341,None
34.59212356676128,49,2112.57144136258,0.5051295998717548,50.18544431705543,103,29.76300933766565,8,2,0.3096917111051891,64.65919751137594,1,5,834.4301520718616,None
32.75114942710427,52,3690.5356849285686,0.21522630115591282,97.12627331920865,107,21.022713149060003,1,1,0.20179494825245692,17.972050567297966,3,5,822.3046733364652,None
37.744254851526534,54,1201.4979573838286,0.30267928438841163,27.143161962045834,81,31.79936018642511,0,5,0.9088264977168623,70.91850482448189,3,3,537.7524652800043,None
29.444298503238986,46,561.2658245256594,0.6043368946581595,74.96154132025941,93,40.20217862028045,7,1,0.7604000672874827,15.768523993255794,1,10,368.60559503298447,None
22.391884918766035,54,1779.564566627475,0.22644282471136645,59.5051232365543,105,67.28950769238708,2,3,0.676398368910006,63.652838459490724,3,5,674.2834532168072,None
34.2648957444599,61,1443.3225683538678,0.33001023491704745,51.011904436451765,79,15.318011588653384,6,2,0.3009663196316217,76.56230594995684,4,4,359.33692219966275,None
35.21570097233795,52,1488.5775210753905,0.15526763571837746,70.61695029988807,121,27.89308987155415,9,3,0.18404477205021352,28.987290155795538,2,4,312.40713729134086,None
31.225543951389923,63,1175.7026777390506,0.2640383541633144,76.3085673307465,105,78.76700942479249,7,2,0.7564510879889118,85.74598067884966,1,7,757.463188623694,None
35.41934359909122,33,220.0450162854458,0.3870555710169233,20.349061572024727,90,22.488363504620516,5,5,0.47415794587907967,12.731842497970383,4,3,136.29271574885564,None
29.875911927287817,47,99.19093431973491,0.12195815794277094,33.3562470997759,108,39.12483745441433,9,4,0.22578955215062912,85.94315772924755,1,6,185.29162393113455,None
30.45465658763988,52,4938.7347247827975,0.23073436812794024,77.0436840507455,93,83.4960083579419,8,5,0.6166219781652751,51.42961455784886,1,2,106.1093566212308,None
28.550820367170992,58,2144.587937341953,0.33743284497625053,73.31083308625651,98,23.168651447192627,6,2,0.040333852138451975,29.582914593848002,3,4,237.64886782788355,None
20.508382534881903,48,1927.7899693268116,0.07241046297913235,97.28380041029418,81,17.03263102754614,9,3,0.3261702541282535,22.040033049457122,1,4,162.09100783941352,None
22.157828539866088,58,3401.4399406384186,0.37822073548513974,80.88302322006264,86,51.18572958180092,4,2,0.46855699459113465,95.79764508241352,4,4,996.2221310019268,None
20.628583713734685,49,1099.0869004466701,0.3194343997975769,96.06181661850704,107,35.70565845867559,7,1,0.14795833410940584,16.539902882304105,3,8,359.9289729586806,None
32.72820822527561,67,4750.306307911625,0.19725972017809695,76.20324012278456,98,57.8897109811276,1,3,0.9846544775908396,27.91840779423331,0,5,234.34121140232256,None
26.287119621526536,44,3933.8616219336045,0.28717210051402103,43.844176691155454,97,78.32341569109539,6,1,0.20909736458961425,41.304011268974136,2,8,316.89663219632615,None
30.171413823294056,52,456.160901538175,0.6008221918617068,28.429193780068516,91,21.657621492983168,3,7,0.13035313004326554,65.82113640650084,3,5,942.5130143861212,None
38.15132947852186,40,2093.7280711667927,0.09712260572285623,82.54590906759485,93,59.35942218711423,8,6,0.2035348738868964,59.032097674848856,2,7,568.1442007219562,None
24.9858445829775,50,4396.800354735202,0.2750073539162113,71.53193771807327,103,52.96824463313843,0,3,0.7690611331597242,21.307914317108256,1,8,428.3362866770712,None
28.207658460712594,50,4724.2127912341375,0.5045933992123101,23.8548809914637,94,22.246696811121964,6,4,0.4255056592718428,36.07551853643932,4,3,886.0523121182974,None
35.11102277086097,51,2342.33354113685,0.15951835961325392,48.80403727207827,103,63.039871269963506,5,1,0.565415939752538,31.487659397742167,1,4,455.4912434941292,None
24.57596330983245,60,3070.9228321614314,0.21444346597451258,96.54398523874289,104,33.25943551816559,7,1,0.021009156986360744,29.218856904130725,1,6,401.5077129619262,None
21.53959819657586,41,843.4993909994554,0.46315732764973994,60.0320916568161,92,51.46591707624106,4,2,0.034431308573314556,47.002990283198834,0,4,286.554270294762,None
25.79502905827536,56,4955.931444423513,0.27810240669822206,54.61833088157637,106,16.99314756355026,0,3,0.44582554982701617,73.36283073324913,3,4,440.01714151847034,None
23.22442574508009,54,1166.0417899033826,0.185040538482732,56.61596841274352,94,49.06464486315796,0,3,0.8166552432016235,29.570763899551235,0,6,385.01592041523344,None
38.59395304685146,41,4714.231552934277,0.11455555890742458,36.7106179204131,103,36.04939478363973,8,1,0.8852388787075652,43.00109917326833,2,2,709.573563368327,None
36.16240759128834,47,3251.7367784719186,0.4228950555098883,49.49657366918362,122,79.90240295075512,9,4,0.08670656759564022,45.1825684157046,1,4,360.6244342036544,None
32.66807513020847,48,3042.606606445507,0.6440679634524121,49.58506047897413,107,14.843191794776303,5,1,0.5383631021010228,97.88108764918691,1,2,619.4797717803053,None
37.429211803754356,61,2568.3156699723777,0.3083255266751108,24.188401614997794,90,45.581618368058045,9,3,0.9132296862792705,95.9199721191162,2,8,159.30294852877543,None
36.07344153798229,50,1161.042360471616,0.4105774245043222,81.40541028143346,106,48.96667105117223,4,3,0.38797275439788637,82.01238244768683,4,7,272.16024102686293,None
23.731401177720716,48,890.8748797074862,0.19605420588440753,53.32035455231032,97,71.6255164854251,0,1,0.8295658314283686,31.749302873726666,4,2,466.6647444502139,None
37.85117996979956,50,1110.226183260175,0.13887477350878247,85.77439094531387,102,58.81444388266794,5,2,0.1336956543994362,16.12335826825027,3,5,943.2543285178259,None
30.786844838313016,50,940.3269280998301,0.09852676123919558,88.02784008959163,98,66.71304866150538,5,4,0.9353944896677987,38.52137239485623,4,6,439.5267871441259,None
36.14880310328125,53,3900.126523098099,0.36726113123900356,36.95952437589264,97,76.04918928039928,2,2,0.7514233175313026,34.01150944904478,1,7,697.6667090798506,None
37.92182599846986,37,1757.1250432419831,0.5073793345737749,72.58827857361028,90,83.28725276094605,7,0,0.9413343927869017,55.53332201317545,2,7,329.5785001792583,None
26.360069499437277,41,298.6349560513479,0.2364619685412546,57.78254433303854,84,36.67941722140999,0,4,0.6766172335525065,79.99551190610137,1,7,214.33021837590854,None
22.201038490553536,41,4845.822124402648,0.4056361401586,90.4125390337188,117,55.731929955931754,0,0,0.363403931999427,87.24906449909722,1,6,152.6829400720451,None
24.558703250838832,43,4420.091565967494,0.26490977098893786,37.25925433411633,92,81.409186667332,5,2,0.9381811725247224,86.03776768694577,4,5,374.8721486884762,None
28.542155772525128,61,4639.483893144113,0.3808117943964557,74.22505602480354,107,94.1033461320298,9,5,0.2755667763091785,42.3708005100761,2,5,241.89492411721716,None
36.36029531844986,53,4974.590035005712,0.22533174704489528,68.62016978021781,103,85.60914143871986,0,1,0.33217252206173253,71.85109091146145,0,8,256.60940321451176,None
37.21461166512687,43,877.7372936052416,0.04515369517060627,43.624118205746626,104,41.57471732307202,5,5,0.7008084180017403,38.1550777771798,3,7,784.6833775482551,None
20.139042610623815,42,1987.247674324267,0.16436603283956178,30.92807229209381,106,26.589153963585286,0,4,0.7653162995253863,15.481498891166444,1,4,114.25426385038679,None
30.214946051551316,42,3793.609993763416,0.19143069972773935,72.13118083818213,90,51.59836567956004,5,4,0.9294034838491538,73.14087390426481,2,5,602.029113161891,None
28.348220062975578,40,3483.142884088423,0.2616461141449531,79.08779665058645,107,73.03952340606358,2,3,0.2048024090562095,10.884479731280907,2,8,441.51524253411833,None
24.442156209414605,43,777.9405726358767,0.35639372193893865,45.250187501068,92,51.868371014030295,7,6,0.797998035219224,46.82643287126397,0,5,555.8949999176925,None
22.397307346673657,50,4081.0072937031828,0.08073936672491931,71.5866083217851,93,51.070373381661824,5,2,0.7385460533969634,39.64413423718682,2,2,606.5472134931426,None
26.75230342807256,53,1129.9584534649366,0.10845747547886783,51.61047260892026,80,81.24958579195305,0,4,0.06379455625359787,72.40397846669671,5,3,382.0309250115504,None
38.858194078250385,36,1126.8498979648891,0.24552664654232526,77.05655066260942,107,40.71932122071084,4,2,0.38722314121020696,78.9620925484341,2,7,365.5979741658567,None
26.464058640415104,57,2689.5023702381336,0.5453972463065507,35.93722199152425,105,83.08254735898987,7,5,0.2827654570600986,37.368517237415546,3,3,760.0616644014151,None
30.37581243486732,43,2968.7702748600987,0.3355411391283527,91.21720021089395,110,44.5784080808965,2,3,0.3044904243540304,83.04643130003682,0,8,884.1492893090415,None
34.060379177903556,47,2904.630177110678,0.11193257488627385,42.99276771724638,119,37.89981398265885,5,3,0.9829468795547008,36.45250844544404,2,1,273.3234692126751,None
27.27259204758588,52,466.5193186147968,0.07861861954219991,49.42287902049223,90,48.58914245197442,4,3,0.6427774134799279,50.16937239879051,1,5,187.85688448163404,None
39.435641654419214,49,4388.529704525598,0.22324955997792298,24.647356166427983,107,74.80799148736382,5,1,0.7176761577934996,75.43166743127206,3,3,908.0162257528234,None
39.24894589884222,31,1335.3442125176432,0.23934489305310983,28.92097698570211,101,20.710172368439515,9,3,0.9766176373150092,72.36282063023097,2,5,414.9059172826588,None
25.035645916507285,50,656.2794572011928,0.4691650839986767,61.26895221698625,96,26.69563334912148,0,6,0.3772017824576387,98.863162508098,1,5,596.1856515965328,None
29.94497011784771,40,4444.852918546197,0.10930101287827769,41.40741413823772,102,90.87281018136282,6,3,0.8018401684528059,30.26449217943387,2,2,423.5888300680031,None
26.017566196335395,51,4778.700976166469,0.350841738423868,86.83841805937556,93,24.916788327415375,8,1,0.43453096330449537,69.60861221856241,1,7,213.22210271144618,None
25.696809887549353,45,4312.016810154599,0.11473327681688954,21.175471092396307,115,58.25682202413964,1,3,0.8695336718149798,64.87137174481997,2,2,630.3984804529553,None
20.737738947090655,43,4049.4852128771417,0.5209560844968074,50.32752389375489,109,59.24172966626472,9,3,0.18065754131130318,92.3588609041027,5,4,572.6267665926666,None
32.19128667959794,52,3279.6574833887184,0.46291911654104495,46.987643741527414,104,51.618079274270805,4,2,0.9476861770642796,24.072592748038755,3,5,282.6942032720775,None
30.05358046457723,56,2758.778279339605,0.4458084306295856,21.54621047340808,106,64.80334612902958,9,3,0.21877170841087967,77.66183472282397,4,4,506.68214018705004,None
21.029575024999787,38,444.0639319579366,0.45074564735850964,29.949471920040818,98,29.535271692797565,3,0,0.3262205069809315,61.14417546418915,2,4,817.2527536140813,None
25.57292928473223,52,2048.1815332227866,0.207768701685737,53.09141399349082,119,56.9762927610236,5,8,0.7561922341067805,34.71992828091149,2,5,631.3834927971022,None
38.165317719333075,49,1869.7156998914468,0.5530846398930729,59.429166755795734,111,41.63472669598626,5,1,0.3937551415654067,52.69914227324567,0,4,187.22559436029536,None
24.79123781333945,45,1306.1713809640278,0.2414057853315312,52.34317978038953,98,66.24171706848107,1,1,0.6082113767664467,40.0398937362818,2,4,593.2193475062215,None
22.897897441824462,53,3619.8663673060387,0.35219914462398455,62.475014272967506,94,22.004001186717705,1,3,0.4445735010694285,62.13820625096148,1,5,732.4644693606282,None
29.78905520555126,52,2484.4199180430664,0.5623335554103934,67.61053399245452,79,58.52458043135548,3,2,0.7423699370897818,90.01005497331992,1,7,813.4330652026763,None
39.71300908221201,39,414.4206173791632,0.066028107172517,20.79390569022685,118,25.747980207582515,0,2,0.22833125236861085,61.23744859709818,2,6,666.2058207708401,None
24.84110543023001,44,1108.7141777295585,0.47801036279397796,57.127612756280314,108,33.6846603647781,8,3,0.05845798723687701,66.85501764939256,3,6,237.39234808670537,None
33.44271094811757,43,3419.4612306613835,0.36195574219105253,97.07993927100706,105,28.590333027504574,6,4,0.29992939747306624,56.68730624032385,1,8,739.1559399311446,None
35.232392306574354,38,389.8929888565979,0.4016190764260652,61.522582410363896,88,25.541211288849453,6,3,0.47430866486843026,14.604895580092832,2,5,709.6076614733647,None
24.752750879847994,40,4257.522501103355,0.14476908879022118,74.20338139671625,81,80.18543088265669,2,7,0.16802005219267857,30.95727011884848,1,2,121.9841946465699,None
34.56432697223719,57,2480.7811697997317,0.14853618339714061,44.949108633350654,105,34.28514325117568,2,3,0.3547972896563887,54.28015564888745,2,4,470.5729008312189,None
27.355662654385064,42,2408.1270208599735,0.2673122822770018,81.91931025222101,110,88.8055214584782,0,3,0.3999830182935685,37.92117553702343,1,6,399.655222266136,None
32.64611661187159,63,2966.114845450993,0.2665058948831771,81.8337185500892,86,92.44375465434122,2,3,0.05739184368827355,26.35872379850748,1,3,702.4708578282791,None
32.670594215217896,51,4125.158019966494,0.2016844401116823,61.703683812331114,94,58.55713994465327,2,5,0.5833072481842045,55.37195577265945,3,3,294.52223107982866,None
30.71549368149517,56,1745.5679474319434,0.5191348577625704,98.08110586233708,100,22.155095426586744,3,5,0.8843434279712875,39.052881410306526,3,5,631.7847306768326,None
21.805795401088165,46,3393.300601269727,0.012576968831467986,30.044017181012272,96,41.83660068726441,3,4,0.15174291295305242,33.229687885607326,1,5,921.8853656327551,None
36.70604991178476,50,2833.0025003389974,0.23005953211192406,21.35581319116648,111,77.8072423845982,2,4,0.597808013401514,51.75868756963427,0,6,818.022134987747,None
26.415601299434716,40,1342.4710681454123,0.08916247674529962,81.61265694056767,94,41.22821193925099,9,2,0.6647392049108463,21.995583227395585,3,2,929.3119625948773,None
23.730370207997083,45,4394.363631912238,0.5437183231209585,84.5724429891906,123,17.396463555737043,7,6,0.41933468041928834,93.49711597678666,3,6,980.655370239421,None
20.81550283109528,42,3989.155847818571,0.3380641675028336,29.6165783296461,96,57.326717428895975,7,3,0.70109758736427,88.09318881273151,3,4,109.60311430554648,None
31.817858863764837,51,3295.6746549455434,0.22099377678765253,41.24662663668849,120,81.83527237716295,0,2,0.41073154349101204,73.68585271664818,0,3,660.4671487397299,None
33.55128723684565,46,4254.4028281802675,0.12232166966906016,21.404189069330315,85,77.65374290719771,6,6,0.5046372879774349,19.55924448296106,0,4,471.5554579830158,None
20.331756578557123,46,4337.798062789414,0.32715774615691906,43.46468886244517,101,24.885466911080023,1,4,0.00735304455442698,79.82895290227238,0,2,873.8690413016095,None
30.24186116598562,45,3544.7312538080237,0.09997482682028871,81.85134991349372,90,67.18499222505967,0,3,0.6917201141346888,82.7161595298117,4,6,326.6332318082185,None
24.529915503958758,56,4186.696508534724,0.33759203987394115,61.436842217006316,105,28.742862392030005,2,3,0.6613426789447244,79.09881559429039,1,8,982.9265402035685,None
32.903455808188994,49,3490.382593729725,0.5828544730774738,47.84764745346305,112,28.54764043693464,3,6,0.03840087732634456,20.256929840731704,3,5,652.3371725893726,None
23.487328580099827,47,3403.902451083899,0.5490326088038333,49.73914359250642,98,84.29610073094074,5,4,0.3682501073951331,67.95171613609882,0,6,814.1836620059479,None
33.81875476204932,40,3096.8707772937696,0.1444002153105774,20.108290057237454,89,31.221860982919562,9,2,0.9790318407916674,85.08923161744588,0,5,177.03959754049149,None
27.734706926010748,64,3766.05603139263,0.5397886850088234,43.98404220521887,89,32.376024454030954,4,1,0.4207365625686168,61.961806109770095,4,5,265.11209628297854,None
38.73459977473469,51,801.4394754124378,0.049103914238015904,71.71669933103445,91,10.055538214710463,3,3,0.5019454051318417,68.17666377052801,1,6,782.5633057307829,None
22.750418882919867,41,4405.545088402653,0.2269298672078842,97.93555550530857,89,84.00686790066901,7,4,0.9099301581597186,51.252713148367555,2,4,119.78786983539125,None
26.82132702100517,43,4360.499203448708,0.1507116244682386,87.76486615871195,107,77.37055912277646,3,5,0.7172618758657564,57.58365878956474,4,4,835.1901873044045,None
22.269470424811782,42,155.94394234245013,0.0397742668078514,21.88759717164233,100,63.32295948270763,9,6,0.5820701311242236,13.09391725165527,1,5,112.5541168227203,None
38.49387236557126,53,4130.825585318165,0.41995867755191874,91.88484837398715,83,73.7725899348016,1,2,0.7978046813410725,67.50667197759562,0,5,691.406955155146,None
37.54678706761962,47,653.0606386924916,0.4703209324057288,82.65587306389008,89,22.924128231081802,2,4,0.8643662664559733,17.33024916020433,1,4,428.5845282086253,None
25.15883255430311,48,1682.243082753118,0.45932256242566094,82.43008988567843,92,48.95750553994391,5,4,0.45688807173726687,49.151313490620105,2,4,650.3453674472792,None
33.199680920683576,49,3720.106198895123,0.2928697416440324,56.63966072028572,85,39.853647924646374,7,0,0.4751083649318354,36.338958790066705,1,7,726.4282662902024,None
36.34444400402432,49,812.1918812810579,0.3253208111970423,51.840423436360226,100,17.971004731846403,7,4,0.3860509356518358,59.08851551905418,1,5,408.22769726767376,None
31.10401623198925,55,4091.65545035412,0.608299740483025,44.23325830665541,92,51.32109124326855,8,5,0.9667061400184606,22.007470197088637,1,4,197.166203299752,None
30.59301156712013,44,4162.349548009132,0.227995917813659,25.255588716349262,97,88.262870279124,6,2,0.6971662542903504,72.24790617759864,3,3,162.68128097343907,None
24.837045818009035,47,2542.263991466573,0.3285833899501695,38.258829079495925,103,13.40502511930903,1,5,0.0832230662080723,81.55103832356234,1,9,630.042420306293,None
21.862055356117985,61,41.86549986699956,0.188908839828141,39.72829079824197,97,34.774177646972475,7,4,0.8629596233130185,24.701900476884084,1,6,568.5898183607004,None
37.944315159066534,53,1442.3202845428148,0.4759491652842039,58.72616557681613,101,27.640979577484796,6,5,0.4805599408362681,19.388177861669394,3,6,767.9809082090193,None
38.00836114326661,41,3088.4653226949536,0.46195246754850827,79.79555252773551,106,30.242465561584186,7,2,0.06875390642248747,23.096393450862323,1,4,558.7619590035434,None
32.66202914546536,52,4906.119028356843,0.33552196724204514,57.90478627183573,100,87.21693690974689,2,2,0.549717255163311,88.94148057086515,2,7,480.2012110277912,None
26.780595820974014,60,3162.749499813175,0.2913305263540643,24.62755595577285,113,49.78586960991466,6,0,0.4171642789757021,57.53703355807205,0,6,458.2784604126078,None
26.984191492253217,41,1306.4198695101575,0.3010360813901332,96.62318407905632,101,49.6354500998846,9,4,0.8777494048626249,52.05348964067523,1,6,123.80221233790073,None
34.51911357740479,44,3173.6884584670606,0.32719066890772697,95.41794552752899,103,74.64892960869899,8,1,0.20399460360938737,19.604063719211887,3,2,402.0014815269914,None
37.94220519905154,47,2704.527044782119,0.06764099286707154,82.81516345187268,95,23.13183734041869,2,2,0.8264646094921829,68.46004060812656,1,6,978.4181417720448,None
37.741728485302346,40,3901.4285218042064,0.33280396452018296,99.30623212513764,106,51.417555098504316,9,3,0.5576886911854527,88.11996327055809,4,4,886.2000186043799,None
35.597510917152476,41,543.8333877465225,0.5689403837780267,63.55858662402103,97,46.548743200290076,5,2,0.05461030321346905,84.53672823911077,2,7,396.4402603307959,None
32.84063292308576,57,3807.5292334851197,0.16873682327409087,97.02146802025649,90,60.73740869646577,1,2,0.9718453013254846,66.34492380827211,0,8,629.015864559735,None
21.682799299900978,44,2710.92022759379,0.32347850774297826,26.048403249340062,98,94.96240477628729,1,1,0.5126152441031999,16.775084498650628,4,6,862.5670709819445,None
23.232574281892276,55,4815.330099256384,0.25951423642259236,49.254459860909705,109,75.40315599697401,4,3,0.2908768542315825,20.115732445841168,2,3,497.1469030750618,None
37.97108377054158,54,1715.9421085330437,0.21073410761815942,38.030501440541265,99,43.81858475648131,4,4,0.4694068419892581,14.437808839884221,1,4,116.16207737513587,None
32.1285811931918,44,3166.783246738401,0.44543893158488235,35.666646730741604,104,80.34200944329399,6,6,0.857857783517489,33.17312948432224,1,5,167.05941563677607,None
20.183941032332594,43,4660.820246494987,0.19252517781702655,31.264235911414087,92,24.510210881560816,1,3,0.3049031243850635,22.209532044434,2,3,559.353449213836,None
22.02943085732064,52,521.5235426734895,0.4215730229751968,69.79309132527973,107,12.589413336261611,6,2,0.19267639648670032,33.40432362271905,1,5,972.4954381082905,None
33.27003538216111,49,4686.770151309891,0.3147556062634345,82.5057484597844,111,27.378111659463208,4,3,0.12907124693088146,44.65522501470655,2,8,723.888587996981,None
20.101231676924375,42,3442.5497542810585,0.08917514806890406,66.26387195362885,112,38.93498226971207,5,1,0.29785939839021125,94.86845056640222,2,8,163.8245722947126,None
23.216161028349973,50,348.5069249348078,0.18139749745536848,31.757016767056776,95,53.399364384062594,7,2,0.7800480870400435,64.9338453803523,1,5,270.4247882126765,None
30.974675787331723,63,1511.808199064613,0.2888520759798477,84.88990159467767,99,62.28597694600199,9,1,0.4716263651952617,85.14764071146661,1,5,794.190828895165,None
33.83790395385387,54,3543.778722339955,0.19122046404901066,70.87637657309827,99,87.40148596322585,3,3,0.22748160369353998,73.9316350641099,5,8,857.2957839606203,None
33.03922519005201,52,346.0795013291708,0.25463202598101103,51.05325649015964,97,53.3375908117889,6,4,0.1661849996097492,20.125281747396855,1,5,655.9251275697318,None
24.485386189211198,48,2915.0305962796037,0.26260915795931455,73.93042364288505,115,52.608429793187,5,2,0.3327294765103791,76.23283657365539,6,4,679.980852666835,None
34.24358442695072,49,1735.956454195254,0.1868577020761625,40.792398339426626,97,14.27065583495348,9,2,0.9399243728857088,34.7588993403212,4,3,125.50370534504617,None
24.744981749936002,59,3108.3684336597107,0.1235656832485277,47.61537667953684,130,12.967481975779023,1,3,0.3430267125900244,67.51970622952356,2,7,845.6772336233577,None
26.507993963185356,52,238.25274872443913,0.3590902667010948,93.39886745055922,104,56.848596762891624,7,2,0.9881240759546354,40.68657762786897,1,4,809.4476873537467,None
34.92982810236048,35,4358.9686627003575,0.007247912732123117,43.240360453713635,96,47.245182126109285,9,2,0.4852304557653562,99.79050369381933,1,4,333.1316296930124,None
32.992657980944294,57,4867.709956195211,0.22541229173963975,57.59906145263493,102,81.33033357332538,8,3,0.17916391829015088,33.71963315471,3,5,737.8090479689563,None
36.98446820988356,46,4844.7004978756,0.3682584032090778,91.21129099168117,91,23.65776470050684,4,1,0.8911400917935094,35.12174236968427,2,3,293.3691457824983,None
33.15225784600687,51,3750.7626403971944,0.47005375734757493,76.6177080214022,96,12.122591279949216,9,6,0.4603553731348269,93.76050300061584,1,5,136.2971449463617,None
31.36617206670943,47,659.1303382518536,0.23340795938545686,24.97625809317622,96,48.168295274060696,3,2,0.7096713435045244,12.21799641726904,4,4,281.0228883313396,None
21.87349535656185,55,3793.7333476858225,0.604550623924786,31.784243542317625,107,30.185677323941885,5,2,0.9837115832091518,72.70200890858771,2,6,260.76598907886955,None
27.35431606118867,44,132.68871312941954,0.11161825582150756,20.627327261753344,106,14.217221733801182,7,2,0.050175350319974,75.27937516622903,1,5,403.9731970613625,None
25.30404735363451,41,120.3965221296963,0.29180063638815756,70.47374321833307,91,71.59085438204846,2,4,0.09669455978756714,85.27407196693594,3,5,476.6045474579123,None
24.87979286758167,50,1624.8149935562108,0.24367885033200437,55.81387403283347,99,19.485404996366036,9,1,0.7204567414627562,97.69953795746278,2,2,557.6850023479371,None
39.46021109504891,62,2448.3295201192823,0.09117290073823889,30.741988072182043,110,61.70715750066059,0,2,0.281825003295472,97.80417272409872,4,5,529.0784879574953,None
27.861954493335208,52,3854.333014860888,0.34238261216894417,96.63472968454164,101,33.889228764185575,3,4,0.18430139695009906,15.87490818098175,4,3,343.6071453687604,None
37.84093110354227,41,3419.643929266461,0.2613583638874165,62.37277791564959,108,24.74716428017687,3,3,0.039361879819729495,83.96553904776123,1,3,126.25360171666702,None
32.62277251994526,50,2235.054504819974,0.10545421749979744,39.351463529031136,109,42.278879448141986,0,3,0.021846711986201806,68.16789402916432,4,5,644.5914600134356,None
35.89622607083297,37,1375.3970647455128,0.33941958951777684,60.0482856923766,110,78.12289097895106,8,3,0.7744856031197909,68.2607920935782,0,4,456.17034686261894,None
30.052741862103844,43,4985.651255786978,0.06674404650508572,74.36962661880862,87,43.32795403688868,2,6,0.13443342736955,21.55149339532253,3,3,368.80494164879474,None
31.53807769252718,51,2136.644698157505,0.39484478584956023,26.099137437885158,103,73.81542018293973,4,3,0.4677206159711509,68.5168449801088,3,4,880.2469385474611,None
29.850353876377277,56,2262.4212514050805,0.17015973446901886,41.97630520383136,89,20.66633522792781,5,3,0.605896815179483,98.4234322541123,2,2,772.0689770183438,None
23.90485975596089,50,826.4828677464292,0.6912093386389426,84.55723927071949,114,75.68557067153172,7,1,0.42835180056884625,92.06367125855023,3,6,871.988993535198,None
34.44904230523011,48,3976.0996482621476,0.17016504307163668,56.7731896322129,116,30.139332617065136,5,2,0.027106652336233106,49.52175947243655,1,7,545.4845152412149,None
25.615447248817116,42,3471.4743066496285,0.25965807209419905,63.72617136258359,103,67.57841604055419,2,4,0.7835015025879088,13.59531759574849,4,3,217.83812691409975,None
20.486319328629076,47,1111.6403678159143,0.34085924943352575,54.62528017675754,114,58.09143216148469,5,3,0.010513224541653488,42.60641410001843,3,5,726.5992925091451,None
32.909445918143355,53,421.0814176230551,0.1936145912070428,23.51199541144041,104,88.97730096299343,0,3,0.761889894377484,84.37512804404997,0,4,285.46640194345775,None
23.542213588140978,55,3405.691517352818,0.4421189571746821,33.259982385612474,99,42.922414027901695,3,2,0.8933044937881227,73.13491913186493,2,6,497.1067021825451,None
38.80917168705828,44,3276.0109592628646,0.2918146343826823,55.64333109935127,93,15.624041050927438,5,3,0.4328399210571723,51.340929003456075,1,6,158.50071005399965,None
39.07857154005175,57,1373.5650397210645,0.0431616328618451,36.73483723263423,94,11.628216271856497,6,1,0.5355424730977982,14.9591381642948,0,2,842.7775621806842,None
38.29728780440897,53,4754.809175629548,0.08526285170391149,23.998322292774297,91,80.28297768268402,9,2,0.47698339261765377,48.420525504097235,3,2,213.34657694275052,None
27.403174005108887,39,763.7788799866921,0.47376583548934953,87.4919731241459,116,54.602529201221735,2,2,0.3892086186234388,52.212244574609514,1,5,912.7877563443787,None
20.30913233057735,58,2167.3506572025835,0.2739533039710695,98.49540233312926,90,75.89574440597069,8,3,0.8874245353703603,93.56999796047224,1,2,877.8075420354014,None
38.566371251754504,54,4718.643441636318,0.23739520744884943,83.45142991973916,106,29.92617600097875,6,5,0.8939335106699905,67.69774932239434,1,7,518.1244879953215,None
28.563682966346285,45,2104.4393114613504,0.2670788820929144,88.30279373637336,111,39.33211836862487,0,3,0.3358163646415345,38.0487624989184,4,4,769.9313838735916,None
39.33309638087339,43,3196.244478843787,0.1034879707346583,39.35817042536363,109,12.55882913796211,1,6,0.615069754014698,57.27864380056492,3,5,657.500566436338,None
39.272399541785056,43,1993.9960458343435,0.22795113216234186,96.85015804105598,106,91.72684758879953,0,2,0.9269075621458641,15.944977703994407,0,7,822.7680781039704,None
37.060189109347206,48,1378.3338597198635,0.2627333305254055,35.75405635627427,120,66.76877206956914,8,5,0.9620584989413515,97.53114120847631,1,5,488.62459070732086,None
25.888977841391714,57,4920.048463319543,0.6891140409001313,96.11438482894658,95,89.32243245954103,8,6,0.5089590404220475,42.40539117376534,4,7,807.227635819915,None
27.701954572038506,45,2052.576691512065,0.2505649400674639,99.58554351727608,90,32.567194631471146,6,6,0.4528248052843268,53.00806194218222,2,1,516.2111353586331,None
37.02273343033714,52,4471.555026358881,0.24464969297662237,76.9378244596839,91,61.97440695418117,9,3,0.2786943159285258,41.97555768132303,1,3,946.8692090585145,None
26.338440103125553,53,1157.4734833965201,0.2767384149382149,98.49149854334576,93,67.67249730487421,2,4,0.95887187319041,71.42605571045802,2,4,537.7348907426328,None
23.38985493372185,51,1073.3924730851656,0.27220512050485735,65.56318236536829,110,36.991724521895016,4,3,0.14281430447286736,69.60089424966338,1,9,516.3573447403567,None
31.136025249167005,56,165.35907359371168,0.22994845690931623,40.763342654087225,108,82.08928497632856,3,2,0.579829576047725,74.37900794762221,3,4,806.5646754071614,None
38.723095483215616,59,3261.8174586256664,0.42570532098434083,54.95967085324967,84,90.50872434652106,6,5,0.2825502675186389,34.13289066507288,3,5,839.4199225847542,None
33.920595933499456,60,1848.9464551815681,0.22271118741639412,67.48487483030289,96,85.21268500416036,8,4,0.2790082903477966,38.41016330476594,6,6,599.0402028890537,None
31.4012234017873,48,4323.147666699789,0.4773689304451496,25.846524962161197,92,72.82069295484666,1,2,0.40496858737618846,21.272610798658715,1,6,261.8180321455678,None
21.943529875415372,45,2371.3174343908704,0.23101298651698982,69.7874611693797,95,33.58449777662109,7,0,0.9987929358156545,68.99589746615013,3,3,520.9824078618216,None
32.3001445339834,53,4841.285205294462,0.43144353619464987,98.49422694098357,114,33.9373635789787,8,0,0.054966306839822066,13.581741460208729,1,3,971.2652526187105,None
39.801077002085265,41,935.7723233585746,0.38687976021019077,35.20861198269821,92,91.88562723791323,9,5,0.5785418182035315,63.79141019711132,4,5,777.6875737352666,None
22.801680304730482,42,4344.429608098498,0.20867813507832503,83.40760930307067,81,10.874182154533823,9,6,0.08257215803527718,88.27262963664705,2,7,830.046343491219,None
30.366593047274733,40,3885.2182954307914,0.09002499819996725,92.63190350236955,108,70.86424772558229,8,1,0.15452082999051897,90.17489334606702,3,6,129.5429489373161,None
37.54746143855911,45,3856.9000047738195,0.6038569167009646,95.49612742561766,92,70.03092381719728,9,2,0.4395629417728987,50.41339843329655,1,6,521.0735163707438,None
34.81537235508409,53,4225.46830830327,0.22652332523012098,96.81084835243578,97,62.928610980732785,6,5,0.5104601313464413,51.337331939176636,2,4,681.9590202917998,None
33.94031481990536,43,3807.5097148055643,0.3042970610133372,61.71677109771775,109,94.15925191738359,8,4,0.258792408364524,16.927226470721564,2,7,847.0294152652672,None
34.049681679742186,59,3134.839404940763,0.16462586137498683,98.1846326393203,94,36.50975203991665,8,3,0.3164571308744162,70.36885228987322,2,4,144.34628822449432,None
27.189823024395103,52,664.911939635114,0.1823972362349482,80.58481657075511,92,38.897608422426096,2,2,0.08696702025593306,83.91334783355609,1,8,867.1949970776858,None
25.871836885289866,48,172.30563566134705,0.4766491048877699,32.93371489895695,108,16.70984925045722,3,0,0.3032197838442505,32.01895491442417,4,5,593.5608430677205,None
36.18722310957027,50,4605.030760600277,0.5264086385938195,58.1520085174376,108,47.637841606217684,1,4,0.9665584393805441,47.91707934700282,1,5,277.58257351845396,None
36.20226789358362,42,3087.085069458483,0.36092031234155697,77.46649402976033,111,32.18912472996209,9,5,0.9447073816724817,85.49554030887433,1,4,385.52969480473,None
37.341446371602075,38,3984.72108197112,0.2509553296201303,39.787225265526665,102,39.187869685099756,2,2,0.334878290136985,88.94084208960592,2,5,353.7365965764047,None
38.26481105112943,44,2412.796534047625,0.3835316726535463,71.24921468391099,113,80.93860217172835,4,3,0.5708539362787616,31.886198223780333,2,2,577.7731308596283,None
30.226847977218757,45,595.3678629223484,0.19591171866205373,73.32803832372954,108,89.51618364983713,4,7,0.9095953911109443,59.55135710872278,5,3,146.51711192001864,None
30.030325893743992,55,634.6771030907267,0.2976150813463317,33.01597950468527,106,25.787311120440776,5,5,0.0061838226408966745,27.324383557224436,0,7,242.68254264993118,None
35.9659035793355,51,3430.970783272567,0.13237350274514814,65.2068249962205,91,41.6632591820446,6,3,0.8106835703375919,19.169088772560087,0,5,831.4237390382042,None
32.999278615555305,53,2157.226415548319,0.12631168044090502,81.7301528782886,118,88.9335977798085,6,1,0.948369552788919,92.00084512527619,2,6,219.34359167212995,None
34.03933754515407,55,1010.6183862346802,0.35476652265808534,59.91165316287535,95,15.253719158583923,0,3,0.09132573433355706,83.84567538088983,1,7,310.0566425123143,None
35.91585338872202,52,2463.05678823977,0.3219807096428471,20.968249342088594,110,17.850644889467173,1,4,0.16144768603292103,78.40314116228565,4,2,508.0335450437416,None
30.34241776226661,49,12.047344301482607,0.12432745910762073,79.46663308525254,93,62.32807371806577,3,3,0.9365656116580061,53.31465566448445,1,4,130.0941870049879,COVID19
35.272209592283176,50,2984.9515203178603,0.06283824275030549,40.16559094801372,97,11.084300775131597,1,6,0.378196349528219,65.56188258892604,2,4,523.2241767958789,COVID19
28.946648533323756,49,4580.555589730721,0.35782060042391245,56.333397613421106,91,69.09452073855752,2,3,0.5764055514536334,46.44197328428596,4,8,959.0029253676897,COVID19
35.797292420710775,47,1446.791129525163,0.35236965177896423,50.86875574688872,95,45.52993343822988,7,3,0.792003126130196,27.85352858629312,3,9,204.1077012833049,COVID19
32.36692614090915,41,935.7746165360187,0.0697621612617889,98.56619029085047,112,58.07238607424289,8,5,0.3243136638755806,96.54764430837736,3,7,951.6380437027739,COVID19
22.26199478847645,56,3261.8821764433505,0.18747163841827855,51.28737953185764,105,65.17185117160517,5,0,0.7161645381776112,56.032078603835565,5,7,760.0253632588842,COVID19
23.126628767856772,56,3565.881022418982,0.10818615600363012,26.398598623740384,99,39.770112217801525,9,5,0.13541884981782804,76.05283332589305,3,3,673.7489226407469,COVID19
28.74067450899542,51,3443.272289570387,0.4927804490835787,27.186060205766722,107,87.95337293960252,1,2,0.29129374720550527,46.994247420045234,6,8,680.7499797912067,COVID19
27.93778786178079,44,1603.3912313066564,0.1492694093279938,67.26029770824519,105,21.387863673731403,1,1,0.1447106361365199,41.96185876231447,1,7,844.0548835566539,COVID19
34.87088539274589,41,1268.489986775061,0.544808127323102,67.94908413906126,79,67.07850361888819,6,4,0.8112305584013578,46.64478686204125,4,2,196.22787794183924,COVID19
31.614742795947038,46,4780.0348118106,0.4105295472785979,53.5007192386124,107,10.370564296309336,7,4,0.22264923522678537,46.82769794070848,0,5,554.2788912089875,COVID19
27.762661620044987,43,4617.264546266948,0.026592238491727645,54.547495384962374,97,88.59534395944037,7,5,0.7174035554052103,58.97621043477582,2,7,727.3820244346826,COVID19
23.41520566900771,68,2292.009883365173,0.5846196094727675,24.314606627269697,100,19.562851325237776,5,2,0.9432983972456526,58.912288298322686,4,6,628.1384005662073,COVID19
24.536742046509904,49,4232.507392110323,0.048186078783462406,61.32372083114098,99,18.065159562543844,9,2,0.527772209068877,54.74384342945845,2,1,849.5011639209652,COVID19
31.51002036938118,53,2267.0941533951373,0.3619976181916694,60.37915803042814,92,38.30564880944076,7,4,0.5400291922606877,22.13072064256943,3,3,165.04453811021634,COVID19
28.46877609799585,45,2127.701200181827,0.44452164760997975,31.963945484555563,111,41.75313431332185,0,4,0.46103356809781204,54.6467930650478,0,4,721.6309355492493,COVID19
30.298550177213443,53,792.2471085204803,0.41585471518936307,28.307150888874204,108,28.21550614744468,8,3,0.32589014339364275,25.219351037858633,0,4,580.624957346246,COVID19
23.413548706044672,42,2137.7662218949445,0.08841067401107656,29.88579924795924,86,59.7353411788056,0,1,0.4756550309249171,21.352220766618863,2,3,441.24477758194905,COVID19
33.258125046891315,51,2691.710523613037,0.47156252336881577,28.08225971930068,97,47.64769833356691,2,1,0.6028075322667594,93.9381145607051,5,7,406.2474840106278,COVID19
37.05077481711934,40,122.29659386914547,0.33683060364941414,68.77665564294078,95,12.90492506849243,8,1,0.9859915721706594,64.44550118329337,1,9,658.7493694967736,COVID19
25.158790135738013,54,2226.123895825278,0.19457492804201545,35.71861219223349,106,37.17042529170055,4,1,0.9377645593182242,69.35410523121259,1,4,901.8958371798383,COVID19
29.83028451663653,54,3908.9675297920494,0.15088005388344686,40.11441217499708,96,78.8867976537195,8,4,0.8621529582931218,46.16143033000274,2,3,546.5583334910037,COVID19
39.51054658041804,65,3403.4298213076067,0.3404639347063897,33.88577153211518,95,68.62463046325882,8,3,0.8891305357048583,91.80828027233778,2,4,842.2508476692282,COVID19
26.66483481101455,53,3179.4333744310356,0.35872160015474136,96.62682435588025,82,71.61402255428985,5,4,0.46784918329204295,67.41374406216988,1,4,461.9407436595708,COVID19
31.900926898475223,67,4548.68158790164,0.08514646798266187,88.36939705214684,94,69.3399385470995,0,3,0.6574443271774648,79.22528825712287,0,6,192.1550165138589,COVID19
21.803914004004888,45,99.97972902789776,0.3699980733267337,38.43958698812167,95,36.43270681755783,9,3,0.8950667229362141,43.170622212494244,3,3,155.3551628127747,COVID19
32.12030004958886,49,2789.6674550992484,0.44797171299013,46.205303513770076,93,18.47143337652595,6,3,0.39295076499135306,96.40106927372129,1,10,146.2009341913098,COVID19
21.792635466092356,46,3938.8707535644385,0.07670930483966332,36.791427384399775,97,33.15971064281316,5,0,0.9617624783454688,83.84151611424835,1,5,442.13512776190294,COVID19
39.18470870647644,44,2711.2635596793234,0.41681985710402475,59.3500767568659,100,80.70175051573854,8,6,0.415786062069183,86.85536167130893,1,5,403.51397575225786,COVID19
34.31325304144623,49,1626.238807376092,0.46417205144638596,21.56884259794029,102,93.34001781156104,6,4,0.6010826653932156,25.497484068317885,2,3,746.1433212603125,COVID19
35.763195762714126,59,689.8903198089695,0.19897428617710292,73.70944071174365,77,51.976996253032716,3,1,0.7098047132723719,34.38668870840976,2,2,768.5393514263792,COVID19
34.082087215432736,38,4438.939728362795,0.639928882421978,61.85265198541133,112,10.824530168458589,6,6,0.9505920130759383,35.70639397152193,2,7,145.76857195036584,COVID19
31.794580721529314,55,2359.1043380141386,0.15478843739264395,91.89111426408826,113,21.903809031409466,1,1,0.24461627405226605,34.38183009221841,0,5,299.0109366001135,COVID19
28.998255621710108,39,4391.79483295865,0.20594769325472548,33.15141474627313,105,37.37684890188259,5,3,0.7461309782386423,86.98673458938592,3,4,346.8356651430097,COVID19
37.16746759522125,44,2933.40209094151,0.15573245088813878,84.32873968489054,99,59.17975463040073,5,6,0.5208155861440822,12.86963156877329,4,6,592.8507857285285,COVID19
39.13671335086126,57,3374.218661908854,0.5888845644749964,83.35688115733726,106,16.382959893451687,1,3,0.26855714062064107,16.848999008269686,1,5,230.06370151625524,COVID19
29.980723458081627,49,4023.2631603484656,0.23380701751390207,30.174495137350952,86,90.18537039033994,3,1,0.7766068397963906,34.65233835669133,5,4,220.54709746000032,COVID19
38.63070098310524,42,3299.1861675546706,0.21327022865368866,51.88473793153021,81,41.03211222917406,7,4,0.5522222801738466,27.98856771844993,2,7,949.4100002871622,COVID19
31.66665819977035,48,1996.2936549878991,0.12861869744422982,33.61221129156135,104,87.56965852360996,7,1,0.6609738206496758,30.867365249456352,1,4,823.7826165680029,COVID19
30.767683737928664,42,2573.0305858039683,0.5364299550377335,40.377640036603914,110,76.34435323434685,7,4,0.322901068577901,81.814887032797,3,2,262.58941188205324,COVID19
28.131356158109817,59,3595.1162898326024,0.15380689772894424,38.72225402454997,91,13.038613529598495,4,3,0.4920817053884151,61.21962823265235,1,5,205.8396549388316,Dengue
27.112439985151312,48,3852.7442659578687,0.39369926726465787,67.04689966837581,95,69.87600782558636,5,1,0.5313608316952668,32.13933400641288,6,2,953.47844238733,Dengue
35.820081481308144,54,2317.01920232182,0.4620777174932001,65.65517292614784,103,51.829915852298235,3,1,0.20125036455116962,54.74264173769812,1,2,302.3316095591661,Dengue
30.204258329562442,53,3573.294243198237,0.6849921620336894,58.74129584877804,113,18.01066064438468,7,2,0.28467439194681765,82.8408545864832,4,7,999.6720628828995,Dengue
22.55699473986934,50,3682.317605767853,0.30361949472554856,63.99831891070914,104,24.593989415921754,7,2,0.7651531608485469,52.348414131124734,1,4,546.1604157722144,Dengue
34.77984126312488,41,699.9948831122649,0.2040653688973846,59.343250609893445,95,18.71543573957474,4,5,0.47034725871313376,95.40796097076364,2,5,794.2869900936428,Dengue
27.93775956449838,54,4831.228343924338,0.2762000829200723,65.23650928592866,92,62.0703887034495,5,3,0.31735408360025663,86.27505583387075,0,2,101.96568505500152,Dengue
25.25848495264294,51,4106.949416011191,0.21182590107593985,77.2404763696903,93,18.007880907061974,2,7,0.6226260273619194,39.97353118270548,3,4,899.8717642764777,Dengue
27.5099724404144,43,1030.3724713671593,0.11369372537658214,28.77025555227518,115,74.11399830799337,0,5,0.6527597559761253,45.9965912125544,1,6,343.0018403025224,Dengue
29.955131272137926,42,938.9635283728906,0.38655224511655234,79.9700601719219,105,11.743428142233249,8,3,0.7693957768408022,48.099405432027446,1,3,701.1430700932588,Dengue
26.86231032834019,44,637.0491164421179,0.23641261307911157,30.870892010207534,115,31.19694197965083,8,6,0.15670929576291914,66.35615076320633,1,6,825.7197527142307,Dengue
24.838115451835158,51,700.5090270841728,0.45598437906671596,25.330239872829978,95,85.7066674508121,2,4,0.7415172523269903,35.81161562696858,1,3,247.73296650310184,Dengue
27.970040576079604,43,3743.327377153194,0.24324202337251632,98.0863748977174,94,71.07516204039092,3,2,0.5994283921104185,97.23242249402577,0,9,498.2585331963061,Dengue
20.383458214997965,57,2353.5747421886017,0.20452084174654922,96.55934150963532,85,16.202308298683455,6,1,0.05757186530279712,64.78157985431508,3,0,544.452346586731,Dengue
35.44995692192628,45,3916.8415219719373,0.47446897480454725,24.834923595245122,87,79.79571888124028,1,3,0.7774456282534111,45.94614928670202,0,2,380.9075188052841,Dengue
23.418897871351717,32,3733.811922807525,0.24040948848846935,55.460275317996974,102,51.907985330917406,2,2,0.38308028133318506,68.05088339424105,0,3,533.5802467560833,Dengue
20.878092272612744,55,3027.017440391056,0.14664891043420286,34.89959506398198,103,81.97655730935048,5,4,0.33038093432963755,45.58645094767369,4,9,385.79109188980425,Dengue
33.07397385810158,44,3434.969366827611,0.3966508747005776,58.82759177075344,99,61.06288082828344,7,6,0.44807515158163436,83.6016112881477,3,4,424.67297054968833,Dengue
35.478722576473444,56,101.59506465191754,0.27751099527551243,86.41417943996699,97,67.955807722793,0,2,0.34617507730612906,61.10568644965492,3,7,702.398060832465,Dengue
36.27658263185687,54,1565.7704575570597,0.5496202992333389,96.04894197943122,99,94.4476326336352,3,3,0.33828559220990906,13.777345306546032,1,6,669.3339414744974,Dengue
29.870183653212,42,3192.732674504457,0.33067447207499995,70.74021227612299,109,29.748521403541545,0,2,0.8080776677006255,25.908118068111467,1,9,309.03915321777276,Dengue
24.107363693799705,37,56.63131789635856,0.2051756339695003,48.31245337694536,94,63.03537385471801,1,6,0.12450525436569226,87.84945757265811,3,4,907.7345963158822,Dengue
34.744553544996535,46,174.5549489761411,0.07170589669280765,68.26604525156787,91,49.127318154878864,7,1,0.9706000678574586,60.660984372111095,0,7,876.5096911042516,Dengue
33.99426154308674,57,4260.921032527212,0.2541900154458285,44.96010448867602,104,13.353415998428773,5,8,0.5549316443743433,95.53091288625146,3,3,558.1749760209564,Dengue
24.925414682063465,49,3423.284059843438,0.454771808498739,92.78589126656483,108,11.230004527743528,8,3,0.1829239984213129,16.51800815746163,3,5,489.9256684261753,Dengue
38.068155117255856,46,1334.1949682705163,0.22710503957989475,89.63203704846696,110,20.134429114517985,1,6,0.1312154829316865,36.57345670773765,2,4,439.17038468569797,Dengue
22.08742916165658,49,3442.934572192358,0.33196124041398134,64.65854002237288,93,65.1727979457766,2,1,0.5915095321349826,27.418903591561534,1,2,736.5411267997952,Dengue
39.65376479182652,58,3964.3587790049237,0.3508099758754845,45.98391323042884,98,58.20886247263834,8,4,0.632999443846928,59.84562630058626,4,1,704.4994514885234,Dengue
37.20495621954929,51,1540.9034727194053,0.3121516552532428,43.47117404663827,102,57.04151269891683,8,1,0.053025771029810764,44.45135479719184,2,2,276.5625462441808,Dengue
33.757972909581504,55,189.82651372094537,0.2469701061316832,22.673439576404757,100,12.707824814902107,5,0,0.2430019141287858,24.15461806687539,3,5,704.3122281703252,Dengue
38.77499776559666,57,4664.567832191795,0.31314859447194676,85.26566808202362,103,49.8907546906006,2,0,0.7954619212214673,67.84767225635922,2,5,327.18807469183594,Dengue
34.44622336647416,43,1732.447393095196,0.17425119393221108,56.03065704312064,98,88.59293951661492,4,4,0.049624627743525496,58.26685292174678,3,5,116.70250287117301,Dengue
23.809139940600918,57,541.3439987906849,0.25706929450010996,46.01063427202115,91,43.795308891404964,1,4,0.8550886639060361,34.726262616667086,0,8,729.2878097836393,Dengue
28.843122762256236,42,2464.3657882518055,0.1132836122763167,57.68882839982031,89,63.118409932018785,6,4,0.6581624765263335,53.179422200414,5,6,680.3142422146747,Dengue
21.43006048663271,49,3844.6543003640277,0.5622694240537103,85.49903923637216,96,76.2845874279672,9,2,0.4344232593632048,77.11644835370706,3,3,469.72833613690733,Dengue
27.793148445762306,51,1116.0200999416202,0.189044189055867,29.969136616601695,107,76.63364872706045,7,3,0.34643284897091586,28.474450709559267,2,3,573.1174503275555,Dengue
34.832060394744175,59,1354.7553501654832,0.4665461618169622,88.61247905934619,95,54.13880700359807,5,3,0.019248963848893963,36.361517203155614,4,5,952.4522725351836,Dengue
27.72886701861635,44,1221.14778412493,0.4900503578642014,91.80070680866832,91,82.92591535919858,7,4,0.8252149457518431,41.149988838470364,1,3,635.680162814894,Dengue
26.605883509362684,50,4958.448533630074,0.5261826701604474,95.73663320271106,100,43.26713793591849,1,7,0.1427218539685381,77.20537934809285,2,2,692.0955418028783,Dengue
31.907114450206237,45,995.0446313154073,0.124777547929926,51.79903939381022,89,85.53892325670786,2,0,0.3095419918620881,86.22303395958163,1,6,157.520188854227,Dengue
23.319889213502506,54,4830.312527841737,0.24373146037024154,69.79884309649837,89,31.593008868038208,1,2,0.30159660744592354,55.906227005563714,2,5,586.8752553230202,Malaria
26.019045528231764,50,4559.74867637511,0.27958767926355094,36.843131747027435,93,36.06092150461441,9,2,0.6128005721361308,31.980710530862577,2,6,903.1046231987275,Malaria
30.787586360562862,39,4746.360820487075,0.4414140192340861,47.09930103627855,94,80.91362141971373,7,4,0.043002165444571916,40.15988740332496,1,11,711.9869591153922,Malaria
35.53181791966642,45,4130.534703508672,0.2702138065010379,64.93451114916883,78,36.24732253305066,1,2,0.12176637759956543,87.67489538043542,1,2,747.9903079294519,Malaria
26.42481755577174,56,1764.7221932283828,0.3108357026469474,67.44902226597819,119,44.86392038460418,1,3,0.8651908111063952,57.299470313520665,0,2,176.47285368902436,Malaria
27.12764860957548,51,4530.323346260041,0.26605948387974265,49.78518462194121,98,39.55158201450366,9,4,0.5663116215191045,57.55169102961124,4,5,195.8604733286213,Malaria
25.12301770347498,49,4908.605684625873,0.08289767615719021,42.404256449324514,100,19.894027015581948,9,3,0.7120545336912272,96.53207131459091,4,9,214.61389873829674,Malaria
25.09218658590612,54,1756.855848252015,0.14644588439577733,41.89605035908767,93,13.306144040980222,7,5,0.8419721187072957,38.879325913297905,3,6,913.9391502948934,Malaria
38.977276917895935,57,1310.1742702723802,0.29946096822416496,33.975948113671876,111,71.58595729518342,5,1,0.4638343429500522,53.15870125956055,1,8,573.264672637432,Malaria
32.7091435923778,43,2739.1123009832845,0.30695581739194133,46.032396986366976,104,64.83665553453625,3,6,0.7610603839674761,83.05422379487506,4,7,812.417586753692,Malaria
23.118024870798937,58,943.8894410686607,0.6251235978878209,35.9552269610576,94,34.00111574192486,2,3,0.5245855790735243,78.30210239983268,1,4,203.7621338952402,Malaria
34.4449715616852,55,172.79486481783727,0.19685753089758048,70.70523249839559,111,35.12592562371467,0,4,0.22274877027370388,33.92194797358053,5,3,934.8784349577354,Malaria
34.44042286720058,58,4729.697543868189,0.11068834370724576,65.52535985936717,99,90.32549155573791,2,4,0.3376561688009395,23.598194284484727,0,10,839.0278823474891,Malaria
33.3294039210741,69,4629.445755882682,0.21881808613890938,50.607105893673605,105,93.95204581484683,8,4,0.49035044105566084,73.06341185686314,3,4,302.28773029782053,Malaria
22.694408901813272,49,821.6427302729841,0.029463338718200317,46.06640159499156,100,50.24196677486395,4,2,0.31688555217227077,33.18905591264753,0,3,886.7640099645581,Malaria
28.15982966939174,48,2044.6238321793,0.360251622580316,39.0091360155714,95,78.20839836592697,5,6,0.33552769134989835,93.0408245671817,4,10,337.09848345712834,Malaria
22.135126609888264,52,4156.871203230701,0.1684940864618123,62.83666471674729,91,72.61829944889607,4,1,0.3373928312487664,21.632292459030346,1,12,284.8058914051509,Malaria
36.33241008184273,53,3308.3914911160564,0.06108929488525004,93.51222114765507,127,35.27200530852399,0,6,0.12283997885710418,38.64836801212989,2,2,337.8195431309911,Malaria
33.103442863558385,55,1979.9896707618625,0.19985531383978808,74.85624411111498,95,14.977830394240659,9,3,0.08464260721225136,14.930852223242239,2,3,918.9595569453484,Malaria
30.144078735356366,42,3723.413275942267,0.09607513992803939,79.5531771228454,102,22.1172818564699,0,3,0.046496039691304336,73.29747761770403,2,2,924.0327869633826,Malaria
26.860309530011932,58,4486.266467168853,0.30186966625268474,86.75022909251263,115,81.2549999450649,3,2,0.11095626103433676,90.21363840238585,1,8,396.0961972191719,Malaria
23.684989489888668,51,4631.5300693240815,0.33801295152461963,48.1307978670279,96,72.15317469968389,2,3,0.343707092135618,67.22870745979063,2,3,734.8907665850961,Malaria
22.12895177666216,50,1900.4595634917232,0.5159575913754297,25.03006256915901,97,66.46846177929362,7,5,0.5938718057830571,94.39777139603352,3,7,708.1707296477649,Malaria
39.38481215073799,54,876.0677935633662,0.34251386476878426,69.80470426573154,110,21.105150694215105,6,4,0.18814692720940895,21.565358065108867,1,5,825.9063689173629,Malaria
23.992972839120462,57,4565.065902387936,0.46915064175876303,35.09378329824261,95,64.3941084332946,6,4,0.888008846002638,17.8960534536429,2,6,366.85855012791797,Malaria
21.197492534427713,46,471.851674846531,0.28133766674700156,65.5234919996533,103,75.63294817691481,7,2,0.8083824312394494,85.45714580506338,4,2,559.1246877193616,Malaria
39.23333544364993,42,3611.2250722285366,0.6688147453747527,79.16081865256518,95,83.1511487381247,9,4,0.5205271128091636,86.9960057847857,2,4,700.9065559074581,Malaria
30.979034827156543,49,711.0816011554002,0.6564113899809443,82.69106417182692,114,11.124658731457549,6,5,0.7242098308133599,84.79355743964153,1,9,123.63113692891544,Malaria
35.93313469982286,45,1953.0404047917839,0.13467065789441665,44.147129619801234,108,68.18038365967061,9,3,0.36632852469875843,81.90684122803711,0,7,439.06487079785916,Malaria
20.87531694396637,52,2063.6631752596863,0.05636279035352885,60.99465860554521,105,11.623300726272376,1,5,0.0367777927330899,42.600552754479416,2,4,726.2995219107121,Malaria
31.338917149593094,36,802.201996409296,0.35829299302255047,69.6772077021754,113,70.08419187119227,3,1,0.9043328475325398,29.571587523224895,2,3,327.3355838072201,Malaria
27.964199282359903,53,4614.1803556929935,0.23903600535413333,85.55845773604975,76,64.02781600222042,5,4,0.127793488257822,93.59236179980111,2,1,961.9336963058385,Malaria
35.43928868699767,48,23.31415836633846,0.5024537426138825,80.91109320839578,108,22.609568348112663,2,3,0.9479373463796514,37.630016456350056,2,5,127.14523435615506,Malaria
20.768512912781173,62,4470.104630650987,0.5030816803794714,99.03802567818963,88,75.12034886433608,2,6,0.57188258826611,45.8566913947629,0,2,962.2784688286805,Malaria
28.033811371232286,44,4420.308324142673,0.23787944614079232,20.64677412240087,115,15.809547546123747,5,4,0.30556306102142994,72.96030635064699,3,7,295.08748120936,Malaria
35.98146838972392,52,1591.6486319530281,0.27074265853420315,54.99915526905064,91,80.24389576829384,0,3,0.49552462331184466,36.402047199458885,1,6,143.93983773283298,Malaria
30.4539452927674,71,3524.3785066975847,0.26523761350266084,40.48355891009023,103,32.26398581209946,0,2,0.5016298089230942,83.72171994049012,3,4,363.2266299012017,Malaria
31.00077481997208,52,1271.5164673785944,0.08496584426096886,29.59147097158987,103,68.55240829555652,4,3,0.023287079442581904,16.303116126860314,5,6,807.6540765612028,Malaria
21.94329363931931,50,3796.280075647153,0.3972081198781825,92.92122625337477,116,88.51359398685898,0,3,0.35545985188413864,81.2064400650041,4,4,777.1978058032479,Malaria
22.64661112240183,44,2809.9875115208392,0.24483729534719104,99.8369652876549,91,38.88529709724316,9,1,0.7398657995429174,64.16661903560237,2,4,287.9563747805129,Malaria
